DeepFlavour;OperatingPoint, measurementType, sysType, jetFlavor, etaMin, etaMax, ptMin, ptMax, discrMin, discrMax, formula
0, comb, central, 1, -2.5, 2.5, 20, 1000, 0, 1, "1.04891*((1.+(0.0145976*x))/(1.+(0.0165274*x)))"
0, comb, central, 0, -2.5, 2.5, 20, 1000, 0, 1, "1.04891*((1.+(0.0145976*x))/(1.+(0.0165274*x)))"
1, comb, central, 1, -2.5, 2.5, 20, 1000, 0, 1, "0.991757*((1.+(0.0209615*x))/(1.+(0.0234962*x)))"
1, comb, central, 0, -2.5, 2.5, 20, 1000, 0, 1, "0.991757*((1.+(0.0209615*x))/(1.+(0.0234962*x)))"
2, comb, central, 1, -2.5, 2.5, 20, 1000, 0, 1, "0.908648*((1.+(0.00516407*x))/(1.+(0.00564675*x)))"
2, comb, central, 0, -2.5, 2.5, 20, 1000, 0, 1, "0.908648*((1.+(0.00516407*x))/(1.+(0.00564675*x)))"
0,mujets,central,0,0,2.5,20.0,30.0,0,1,1.00444126129
0,mujets,central,0,0,2.5,30.0,50.0,0,1,1.00493657589
0,mujets,central,0,0,2.5,50.0,70.0,0,1,1.02694189548
0,mujets,central,0,0,2.5,70.0,100.0,0,1,0.987453043461
0,mujets,central,0,0,2.5,100.0,140.0,0,1,0.96616101265
0,mujets,central,0,0,2.5,140.0,200.0,0,1,0.899129927158
0,mujets,central,0,0,2.5,200.0,300.0,0,1,0.941396713257
0,mujets,central,0,0,2.5,300.0,670.0,0,1,0.980111777782
0,mujets,central,0,0,2.5,670.0,1000.0,0,1,0.915359735489
1,mujets,central,0,0,2.5,20.0,30.0,0,1,0.986955523491
1,mujets,central,0,0,2.5,30.0,50.0,0,1,0.963244616985
1,mujets,central,0,0,2.5,50.0,70.0,0,1,1.01809728146
1,mujets,central,0,0,2.5,70.0,100.0,0,1,0.94744181633
1,mujets,central,0,0,2.5,100.0,140.0,0,1,0.946629822254
1,mujets,central,0,0,2.5,140.0,200.0,0,1,0.875649452209
1,mujets,central,0,0,2.5,200.0,300.0,0,1,0.979117631912
1,mujets,central,0,0,2.5,300.0,670.0,0,1,1.05916500092
1,mujets,central,0,0,2.5,670.0,1000.0,0,1,0.881751179695
2,mujets,central,0,0,2.5,20.0,30.0,0,1,0.889686346054
2,mujets,central,0,0,2.5,30.0,50.0,0,1,0.919226109982
2,mujets,central,0,0,2.5,50.0,70.0,0,1,0.921700894833
2,mujets,central,0,0,2.5,70.0,100.0,0,1,0.895699620247
2,mujets,central,0,0,2.5,100.0,140.0,0,1,0.889916300774
2,mujets,central,0,0,2.5,140.0,200.0,0,1,0.835018277168
2,mujets,central,0,0,2.5,200.0,300.0,0,1,0.950844168663
2,mujets,central,0,0,2.5,300.0,670.0,0,1,1.02034842968
2,mujets,central,0,0,2.5,670.0,1000.0,0,1,0.829061806202
0, incl, central, 2, 0, 2.5, 20, 1000, 0, 1, "1.43763+-0.000337048*x+2.22072e-07*x*x+-4.85489/x"
1, incl, central, 2, 0, 2.5, 20, 1000, 0, 1, "1.40779+-0.00094558*x+8.74982e-07*x*x+-4.67814/x"
2, incl, central, 2, 0, 2.5, 20, 1000, 0, 1, "0.952956+0.000569069*x+-1.88872e-06*x*x+1.25729e-09*x*x*x"
3, iterativefit, central, 1, 0.0, 2.5, 20.0, 10000, -15, 1.1, 1.0
3, iterativefit, central, 0, 0.0, 2.5, 20, 30, -15, 0, 0.0
3, iterativefit, central, 0, 0.0, 2.5, 20, 30, 0, 0.086, 1.57099401951
3, iterativefit, central, 0, 0.0, 2.5, 20, 30, 0.086, 0.192, 66.8940495493*(x-0.086)*(x-0.086)*(x-0.086)+28.8392650021*(x-0.086)*(x-0.086)-8.36878880265*(x-0.086)+1.5709940195083618
3, iterativefit, central, 0, 0.0, 2.5, 20, 30, 0.192, 0.233, -522.269762119*(x-0.192)*(x-0.192)*(x-0.192)+39.0108618003*(x-0.192)*(x-0.192)+0.0*(x-0.192)+1.087612271308899
3, iterativefit, central, 0, 0.0, 2.5, 20, 30, 0.233, 0.2745, -210.798474984*(x-0.233)*(x-0.233)*(x-0.233)+6.31396100438*(x-0.233)*(x-0.233)+0.565084257259*(x-0.233)+1.1171941757202148
3, iterativefit, central, 0, 0.0, 2.5, 20, 30, 0.2745, 0.3235, 2807.19440586*(x-0.2745)*(x-0.2745)*(x-0.2745)-206.32878883*(x-0.2745)*(x-0.2745)+0.0*(x-0.2745)+1.1364529132843018
3, iterativefit, central, 0, 0.0, 2.5, 20, 30, 0.3235, 0.383, -6.6088770656*(x-0.3235)*(x-0.3235)*(x-0.3235)+0.589842278105*(x-0.3235)*(x-0.3235)+0.0*(x-0.3235)+0.9713211059570312
3, iterativefit, central, 0, 0.0, 2.5, 20, 30, 0.383, 0.445, 201.880697765*(x-0.383)*(x-0.383)*(x-0.383)-18.7749048922*(x-0.383)*(x-0.383)+0.0*(x-0.383)+0.9720171689987183
3, iterativefit, central, 0, 0.0, 2.5, 20, 30, 0.445, 0.5085, -298.041061189*(x-0.445)*(x-0.445)*(x-0.445)+28.3884110783*(x-0.445)*(x-0.445)+0.0*(x-0.445)+0.9479602575302124
3, iterativefit, central, 0, 0.0, 2.5, 20, 30, 0.5085, 0.573, 735.519143573*(x-0.5085)*(x-0.5085)*(x-0.5085)-71.1614771407*(x-0.5085)*(x-0.5085)+0.0*(x-0.5085)+0.9861166477203369
3, iterativefit, central, 0, 0.0, 2.5, 20, 30, 0.573, 0.6375, -453.104464509*(x-0.573)*(x-0.573)*(x-0.573)+43.8378569412*(x-0.573)*(x-0.573)+0.0*(x-0.573)+0.8874334692955017
3, iterativefit, central, 0, 0.0, 2.5, 20, 30, 0.6375, 0.703, 1.61364218144*(x-0.6375)*(x-0.6375)*(x-0.6375)-1.3950655733*(x-0.6375)*(x-0.6375)+0.0*(x-0.6375)+0.9482256174087524
3, iterativefit, central, 0, 0.0, 2.5, 20, 30, 0.703, 0.769, 896.646873817*(x-0.703)*(x-0.703)*(x-0.703)-87.5408828943*(x-0.703)*(x-0.703)-0.161984804995*(x-0.703)+0.9426938891410828
3, iterativefit, central, 0, 0.0, 2.5, 20, 30, 0.769, 0.835, -437.473910451*(x-0.769)*(x-0.769)*(x-0.769)+43.3099171347*(x-0.769)*(x-0.769)+0.0*(x-0.769)+0.8084571957588196
3, iterativefit, central, 0, 0.0, 2.5, 20, 30, 0.835, 0.901, 87.5586711909*(x-0.835)*(x-0.835)*(x-0.835)-15.7536466584*(x-0.835)*(x-0.835)+0.0*(x-0.835)+0.871343195438385
3, iterativefit, central, 0, 0.0, 2.5, 20, 30, 0.901, 0.972, 39.235908856*(x-0.901)*(x-0.901)*(x-0.901)-12.7641922785*(x-0.901)*(x-0.901)-0.935264643783*(x-0.901)+0.827893078327179
3, iterativefit, central, 0, 0.0, 2.5, 20, 30, 0.972, 1.1, 0.711187958717
3, iterativefit, central, 0, 0.0, 2.5, 30, 50, -15, 0, 0.0
3, iterativefit, central, 0, 0.0, 2.5, 30, 50, 0, 0.075, 1.3632632494
3, iterativefit, central, 0, 0.0, 2.5, 30, 50, 0.075, 0.1745, 4.21114695171*(x-0.075)*(x-0.075)*(x-0.075)-2.28497659802*(x-0.075)*(x-0.075)-1.45289128361*(x-0.075)+1.3632632493972778
3, iterativefit, central, 0, 0.0, 2.5, 30, 50, 0.1745, 0.2245, 821.002786655*(x-0.1745)*(x-0.1745)*(x-0.1745)-43.7499349612*(x-0.1745)*(x-0.1745)-1.78252740379*(x-0.1745)+1.2002270221710205
3, iterativefit, central, 0, 0.0, 2.5, 30, 50, 0.2245, 0.277, -684.351993681*(x-0.2245)*(x-0.2245)*(x-0.2245)+53.8927195024*(x-0.2245)*(x-0.2245)+0.0*(x-0.2245)+1.1043511629104614
3, iterativefit, central, 0, 0.0, 2.5, 30, 50, 0.277, 0.3325, 214.555381115*(x-0.277)*(x-0.277)*(x-0.277)-27.5868300558*(x-0.277)*(x-0.277)+0.0*(x-0.277)+1.153865098953247
3, iterativefit, central, 0, 0.0, 2.5, 30, 50, 0.3325, 0.391, 519.906809269*(x-0.3325)*(x-0.3325)*(x-0.3325)-36.3954507343*(x-0.3325)*(x-0.3325)-1.07948549816*(x-0.3325)+1.105569839477539
3, iterativefit, central, 0, 0.0, 2.5, 30, 50, 0.391, 0.452, -105.278491795*(x-0.391)*(x-0.391)*(x-0.391)+9.63298199927*(x-0.391)*(x-0.391)+0.0*(x-0.391)+1.0219517946243286
3, iterativefit, central, 0, 0.0, 2.5, 30, 50, 0.452, 0.515, 86.86775865*(x-0.452)*(x-0.452)*(x-0.452)-10.4466305979*(x-0.452)*(x-0.452)+0.0*(x-0.452)+1.0338999032974243
3, iterativefit, central, 0, 0.0, 2.5, 30, 50, 0.515, 0.579, 56.2281682937*(x-0.515)*(x-0.515)*(x-0.515)-3.1952396789*(x-0.515)*(x-0.515)-0.281941053094*(x-0.515)+1.0141582489013672
3, iterativefit, central, 0, 0.0, 2.5, 30, 50, 0.579, 0.6435, -59.4836925185*(x-0.579)*(x-0.579)*(x-0.579)+8.13260238074*(x-0.579)*(x-0.579)+0.0*(x-0.579)+0.9977661967277527
3, iterativefit, central, 0, 0.0, 2.5, 30, 50, 0.6435, 0.709, -88.6999900928*(x-0.6435)*(x-0.6435)*(x-0.6435)+6.37351744863*(x-0.6435)*(x-0.6435)+0.306704611716*(x-0.6435)+1.0156382322311401
3, iterativefit, central, 0, 0.0, 2.5, 30, 50, 0.709, 0.7745, 171.601535585*(x-0.709)*(x-0.709)*(x-0.709)-21.3851869884*(x-0.709)*(x-0.709)+0.0*(x-0.709)+1.038145661354065
3, iterativefit, central, 0, 0.0, 2.5, 30, 50, 0.7745, 0.8395, 113.046122409*(x-0.7745)*(x-0.7745)*(x-0.7745)-6.46185053988*(x-0.7745)*(x-0.7745)-0.592819031349*(x-0.7745)+0.9946198463439941
3, iterativefit, central, 0, 0.0, 2.5, 30, 50, 0.8395, 0.9045, -196.133519391*(x-0.8395)*(x-0.8395)*(x-0.8395)+19.1230181406*(x-0.8395)*(x-0.8395)+0.0*(x-0.8395)+0.9598305821418762
3, iterativefit, central, 0, 0.0, 2.5, 30, 50, 0.9045, 0.9735, 160.846602534*(x-0.9045)*(x-0.9045)*(x-0.9045)-40.3525655248*(x-0.9045)*(x-0.9045)+0.0*(x-0.9045)+0.9867621660232544
3, iterativefit, central, 0, 0.0, 2.5, 30, 50, 0.9735, 1.1, 0.847483158112
3, iterativefit, central, 0, 0.0, 2.5, 50, 70, -15, 0, 0.0
3, iterativefit, central, 0, 0.0, 2.5, 50, 70, 0, 0.079, 1.37946307659
3, iterativefit, central, 0, 0.0, 2.5, 50, 70, 0.079, 0.186, 61.9677590133*(x-0.079)*(x-0.079)*(x-0.079)+8.2808480454*(x-0.079)*(x-0.079)-3.90050810055*(x-0.079)+1.3794630765914917
3, iterativefit, central, 0, 0.0, 2.5, 50, 70, 0.186, 0.243, -86.476348333*(x-0.186)*(x-0.186)*(x-0.186)+7.39372778247*(x-0.186)*(x-0.186)+0.0*(x-0.186)+1.1328293085098267
3, iterativefit, central, 0, 0.0, 2.5, 50, 70, 0.243, 0.3025, 63.7958810324*(x-0.243)*(x-0.243)*(x-0.243)-11.0597337862*(x-0.243)*(x-0.243)+0.0*(x-0.243)+1.1408367156982422
3, iterativefit, central, 0, 0.0, 2.5, 50, 70, 0.3025, 0.3655, 438.465194443*(x-0.3025)*(x-0.3025)*(x-0.3025)-37.2304997407*(x-0.3025)*(x-0.3025)-0.638548217089*(x-0.3025)+1.115120768547058
3, iterativefit, central, 0, 0.0, 2.5, 50, 70, 0.3655, 0.4295, 1.14500820258*(x-0.3655)*(x-0.3655)*(x-0.3655)+0.739970729612*(x-0.3655)*(x-0.3655)-0.108786114184*(x-0.3655)+1.0367612838745117
3, iterativefit, central, 0, 0.0, 2.5, 50, 70, 0.4295, 0.493, -390.15026477*(x-0.4295)*(x-0.4295)*(x-0.4295)+37.1618127193*(x-0.4295)*(x-0.4295)+0.0*(x-0.4295)+1.0331300497055054
3, iterativefit, central, 0, 0.0, 2.5, 50, 70, 0.493, 0.556, 106.247333306*(x-0.493)*(x-0.493)*(x-0.493)-16.5159889449*(x-0.493)*(x-0.493)+0.0*(x-0.493)+1.0830786228179932
3, iterativefit, central, 0, 0.0, 2.5, 50, 70, 0.556, 0.6205, 381.602714673*(x-0.556)*(x-0.556)*(x-0.556)-30.5950424168*(x-0.556)*(x-0.556)-0.815927609382*(x-0.556)+1.0440934896469116
3, iterativefit, central, 0, 0.0, 2.5, 50, 70, 0.6205, 0.6865, -397.44432533*(x-0.6205)*(x-0.6205)*(x-0.6205)+39.3469882077*(x-0.6205)*(x-0.6205)+0.0*(x-0.6205)+0.9665809273719788
3, iterativefit, central, 0, 0.0, 2.5, 50, 70, 0.6865, 0.749, 233.940917969*(x-0.6865)*(x-0.6865)*(x-0.6865)-21.9319610596*(x-0.6865)*(x-0.6865)+0.0*(x-0.6865)+1.0237127542495728
3, iterativefit, central, 0, 0.0, 2.5, 50, 70, 0.749, 0.8085, -190.036058571*(x-0.749)*(x-0.749)*(x-0.749)+16.9607182275*(x-0.749)*(x-0.749)+0.0*(x-0.749)+0.9951555132865906
3, iterativefit, central, 0, 0.0, 2.5, 50, 70, 0.8085, 0.867, 448.280453367*(x-0.8085)*(x-0.8085)*(x-0.8085)-39.3366097829*(x-0.8085)*(x-0.8085)+0.0*(x-0.8085)+1.0151705741882324
3, iterativefit, central, 0, 0.0, 2.5, 50, 70, 0.867, 0.9235, -43.1021501852*(x-0.867)*(x-0.867)*(x-0.867)+3.6529072282*(x-0.867)*(x-0.867)+0.0*(x-0.867)+0.9702973365783691
3, iterativefit, central, 0, 0.0, 2.5, 50, 70, 0.9235, 0.9805, 206.856533489*(x-0.9235)*(x-0.9235)*(x-0.9235)-36.6944465305*(x-0.9235)*(x-0.9235)+0.0*(x-0.9235)+0.9741843342781067
3, iterativefit, central, 0, 0.0, 2.5, 50, 70, 0.9805, 1.1, 0.893272459507
3, iterativefit, central, 0, 0.0, 2.5, 70, 100, -15, 0, 0.0
3, iterativefit, central, 0, 0.0, 2.5, 70, 100, 0, 0.0825, 1.3576104641
3, iterativefit, central, 0, 0.0, 2.5, 70, 100, 0.0825, 0.1975, 2.41217119326*(x-0.0825)*(x-0.0825)*(x-0.0825)-1.49708047536*(x-0.0825)*(x-0.0825)-0.768103202922*(x-0.0825)+1.3576104640960693
3, iterativefit, central, 0, 0.0, 2.5, 70, 100, 0.1975, 0.2635, 97.1352645173*(x-0.1975)*(x-0.1975)*(x-0.1975)-8.11395618614*(x-0.1975)*(x-0.1975)-1.01672882016*(x-0.1975)+1.2531483173370361
3, iterativefit, central, 0, 0.0, 2.5, 70, 100, 0.2635, 0.329, -112.673593688*(x-0.2635)*(x-0.2635)*(x-0.2635)+10.0711501117*(x-0.2635)*(x-0.2635)-0.818407400019*(x-0.2635)+1.1786258220672607
3, iterativefit, central, 0, 0.0, 2.5, 70, 100, 0.329, 0.393, 650.485603981*(x-0.329)*(x-0.329)*(x-0.329)-55.0303649247*(x-0.329)*(x-0.329)-0.949280391345*(x-0.329)+1.1365653276443481
3, iterativefit, central, 0, 0.0, 2.5, 70, 100, 0.393, 0.4575, -1103.04792561*(x-0.393)*(x-0.393)*(x-0.393)+106.719886803*(x-0.393)*(x-0.393)+0.0*(x-0.393)+1.020927906036377
3, iterativefit, central, 0, 0.0, 2.5, 70, 100, 0.4575, 0.5235, 176.428307262*(x-0.4575)*(x-0.4575)*(x-0.4575)-27.8301586049*(x-0.4575)*(x-0.4575)+0.0*(x-0.4575)+1.168921709060669
3, iterativefit, central, 0, 0.0, 2.5, 70, 100, 0.5235, 0.5885, 574.588711616*(x-0.5235)*(x-0.5235)*(x-0.5235)-45.4992007937*(x-0.5235)*(x-0.5235)-1.36801581655*(x-0.5235)+1.0984159708023071
3, iterativefit, central, 0, 0.0, 2.5, 70, 100, 0.5885, 0.6515, -301.694418229*(x-0.5885)*(x-0.5885)*(x-0.5885)+28.5101225227*(x-0.5885)*(x-0.5885)+0.0*(x-0.5885)+0.9750572443008423
3, iterativefit, central, 0, 0.0, 2.5, 70, 100, 0.6515, 0.7135, 99.7078654075*(x-0.6515)*(x-0.6515)*(x-0.6515)-11.558539833*(x-0.6515)*(x-0.6515)+0.0*(x-0.6515)+1.0127761363983154
3, iterativefit, central, 0, 0.0, 2.5, 70, 100, 0.7135, 0.773, 59.4498327921*(x-0.7135)*(x-0.7135)*(x-0.7135)-2.92415106062*(x-0.7135)*(x-0.7135)-0.283427835413*(x-0.7135)+0.9921082854270935
3, iterativefit, central, 0, 0.0, 2.5, 70, 100, 0.773, 0.83, -372.153670535*(x-0.773)*(x-0.773)*(x-0.773)+31.8191388307*(x-0.773)*(x-0.773)+0.0*(x-0.773)+0.9774149060249329
3, iterativefit, central, 0, 0.0, 2.5, 70, 100, 0.83, 0.8845, 71.0020526189*(x-0.83)*(x-0.83)*(x-0.83)-8.7306137133*(x-0.83)*(x-0.83)+0.0*(x-0.83)+1.011875033378601
3, iterativefit, central, 0, 0.0, 2.5, 70, 100, 0.8845, 0.9355, -66.7985070401*(x-0.8845)*(x-0.8845)*(x-0.8845)+1.84823373255*(x-0.8845)*(x-0.8845)-0.318955354376*(x-0.8845)+0.9974366426467896
3, iterativefit, central, 0, 0.0, 2.5, 70, 100, 0.9355, 0.985, 178.166697084*(x-0.9355)*(x-0.9355)*(x-0.9355)-31.1635787524*(x-0.9355)*(x-0.9355)-0.651664264089*(x-0.9355)+0.9771162867546082
3, iterativefit, central, 0, 0.0, 2.5, 70, 100, 0.985, 1.1, 0.890109717846
3, iterativefit, central, 0, 0.0, 2.5, 100, 10000.0, -15, 0, 0.0
3, iterativefit, central, 0, 0.0, 2.5, 100, 10000.0, 0, 0.079, 1.46778893471
3, iterativefit, central, 0, 0.0, 2.5, 100, 10000.0, 0.079, 0.188, 0.26732018345*(x-0.079)*(x-0.079)*(x-0.079)+5.17726714975*(x-0.079)*(x-0.079)-3.29055548609*(x-0.079)+1.4677889347076416
3, iterativefit, central, 0, 0.0, 2.5, 100, 10000.0, 0.188, 0.25, 393.637094219*(x-0.188)*(x-0.188)*(x-0.188)-19.2503210999*(x-0.188)*(x-0.188)-2.15238315415*(x-0.188)+1.170975685119629
3, iterativefit, central, 0, 0.0, 2.5, 100, 10000.0, 0.25, 0.314, -878.992068465*(x-0.25)*(x-0.25)*(x-0.25)+84.3832385726*(x-0.25)*(x-0.25)+0.0*(x-0.25)+1.0573444366455078
3, iterativefit, central, 0, 0.0, 2.5, 100, 10000.0, 0.314, 0.3795, 631.405259811*(x-0.314)*(x-0.314)*(x-0.314)-62.0355667764*(x-0.314)*(x-0.314)+0.0*(x-0.314)+1.172555685043335
3, iterativefit, central, 0, 0.0, 2.5, 100, 10000.0, 0.3795, 0.446, -309.133820086*(x-0.3795)*(x-0.3795)*(x-0.3795)+30.8360985536*(x-0.3795)*(x-0.3795)+0.0*(x-0.3795)+1.0838396549224854
3, iterativefit, central, 0, 0.0, 2.5, 100, 10000.0, 0.446, 0.511, 29.5468093464*(x-0.446)*(x-0.446)*(x-0.446)-8.39946168754*(x-0.446)*(x-0.446)+0.0*(x-0.446)+1.1292946338653564
3, iterativefit, central, 0, 0.0, 2.5, 100, 10000.0, 0.511, 0.5745, 865.144088584*(x-0.511)*(x-0.511)*(x-0.511)-81.0637251468*(x-0.511)*(x-0.511)-0.717424210915*(x-0.511)+1.1019212007522583
3, iterativefit, central, 0, 0.0, 2.5, 100, 10000.0, 0.5745, 0.6395, 16.3476338309*(x-0.5745)*(x-0.5745)*(x-0.5745)+2.61445609366*(x-0.5745)*(x-0.5745)-0.547085550982*(x-0.5745)+0.9510138630867004
3, iterativefit, central, 0, 0.0, 2.5, 100, 10000.0, 0.6395, 0.704, -981.49347684*(x-0.6395)*(x-0.6395)*(x-0.6395)+94.9594938843*(x-0.6395)*(x-0.6395)+0.0*(x-0.6395)+0.9309888482093811
3, iterativefit, central, 0, 0.0, 2.5, 100, 10000.0, 0.704, 0.7645, 327.989169319*(x-0.704)*(x-0.704)*(x-0.704)-38.1653427454*(x-0.704)*(x-0.704)+0.0*(x-0.704)+1.0626739263534546
3, iterativefit, central, 0, 0.0, 2.5, 100, 10000.0, 0.7645, 0.8225, 256.419432228*(x-0.7645)*(x-0.7645)*(x-0.7645)-13.5460819728*(x-0.7645)*(x-0.7645)-1.0164394012*(x-0.7645)+0.9956108331680298
3, iterativefit, central, 0, 0.0, 2.5, 100, 10000.0, 0.8225, 0.8785, -55.5438190293*(x-0.8225)*(x-0.8225)*(x-0.8225)+6.36061759839*(x-0.8225)*(x-0.8225)+0.0*(x-0.8225)+0.9411188364028931
3, iterativefit, central, 0, 0.0, 2.5, 100, 10000.0, 0.8785, 0.931, -74.9232879267*(x-0.8785)*(x-0.8785)*(x-0.8785)+4.09227633764*(x-0.8785)*(x-0.8785)+0.189832921591*(x-0.8785)+0.9513113498687744
3, iterativefit, central, 0, 0.0, 2.5, 100, 10000.0, 0.931, 0.983, 165.979302356*(x-0.931)*(x-0.931)*(x-0.931)-29.5852407886*(x-0.931)*(x-0.931)+0.0*(x-0.931)+0.9617152810096741
3, iterativefit, central, 0, 0.0, 2.5, 100, 10000.0, 0.983, 1.1, 0.905054807663
3, iterativefit, central, 2, 0.0, 0.8, 20, 30, -15, 0, 0.0
3, iterativefit, central, 2, 0.0, 0.8, 20, 30, 0, 0.006, 0.694586217403
3, iterativefit, central, 2, 0.0, 0.8, 20, 30, 0.006, 0.017, -6572.65910215*(x-0.006)*(x-0.006)*(x-0.006)-306.879144999*(x-0.006)*(x-0.006)+27.568326746*(x-0.006)+0.6945862174034119
3, iterativefit, central, 2, 0.0, 0.8, 20, 30, 0.017, 0.0275, -57376.5865783*(x-0.017)*(x-0.017)*(x-0.017)+299.017835507*(x-0.017)*(x-0.017)+18.4311103019*(x-0.017)+0.9519572257995605
3, iterativefit, central, 2, 0.0, 0.8, 20, 30, 0.0275, 0.039, -9415.40906714*(x-0.0275)*(x-0.0275)*(x-0.0275)-86.852838671*(x-0.0275)*(x-0.0275)+5.73317883682*(x-0.0275)+1.112030029296875
3, iterativefit, central, 2, 0.0, 0.8, 20, 30, 0.039, 0.052, 37181.578173*(x-0.039)*(x-0.039)*(x-0.039)-725.040774374*(x-0.039)*(x-0.039)+0.0*(x-0.039)+1.1521556377410889
3, iterativefit, central, 2, 0.0, 0.8, 20, 30, 0.052, 0.067, -9463.74943437*(x-0.052)*(x-0.052)*(x-0.052)+215.003985419*(x-0.052)*(x-0.052)+0.0*(x-0.052)+1.111311674118042
3, iterativefit, central, 2, 0.0, 0.8, 20, 30, 0.067, 0.084, 201.420759691*(x-0.067)*(x-0.067)*(x-0.067)-5.23507864364*(x-0.067)*(x-0.067)+0.0620886943649*(x-0.067)+1.1277474164962769
3, iterativefit, central, 2, 0.0, 0.8, 20, 30, 0.084, 0.1085, -14863.1597635*(x-0.084)*(x-0.084)*(x-0.084)+568.979300973*(x-0.084)*(x-0.084)+0.0587278191335*(x-0.084)+1.1282795667648315
3, iterativefit, central, 2, 0.0, 0.8, 20, 30, 0.1085, 0.148, -39.9762956397*(x-0.1085)*(x-0.1085)*(x-0.1085)-12.4906275547*(x-0.1085)*(x-0.1085)+1.17387862263*(x-0.1085)+1.2526687383651733
3, iterativefit, central, 2, 0.0, 0.8, 20, 30, 0.148, 0.2075, 184.940930164*(x-0.148)*(x-0.148)*(x-0.148)-20.0661137397*(x-0.148)*(x-0.148)+0.0*(x-0.148)+1.2770847082138062
3, iterativefit, central, 2, 0.0, 0.8, 20, 30, 0.2075, 0.291, 33.0558846926*(x-0.2075)*(x-0.2075)*(x-0.2075)-1.77921392286*(x-0.2075)*(x-0.2075)-0.423656150992*(x-0.2075)+1.2450025081634521
3, iterativefit, central, 2, 0.0, 0.8, 20, 30, 0.291, 0.6745, -0.0341177358495*(x-0.291)*(x-0.291)*(x-0.291)+0.0579094087296*(x-0.291)*(x-0.291)-0.0293631999667*(x-0.291)+1.2164666652679443
3, iterativefit, central, 2, 0.0, 0.8, 20, 30, 0.6745, 1.1, 1.21179842949
3, iterativefit, central, 2, 0.8, 1.6, 20, 30, -15, 0, 0.0
3, iterativefit, central, 2, 0.8, 1.6, 20, 30, 0, 0.007, 0.739224731922
3, iterativefit, central, 2, 0.8, 1.6, 20, 30, 0.007, 0.02, -8455.57546357*(x-0.007)*(x-0.007)*(x-0.007)-260.447461813*(x-0.007)*(x-0.007)+24.4642827773*(x-0.007)+0.7392247319221497
3, iterativefit, central, 2, 0.8, 1.6, 20, 30, 0.02, 0.0325, -38566.0102552*(x-0.02)*(x-0.02)*(x-0.02)+226.024565618*(x-0.02)*(x-0.02)+13.4056720102*(x-0.02)+0.9946678876876831
3, iterativefit, central, 2, 0.8, 1.6, 20, 30, 0.0325, 0.047, -119.580657414*(x-0.0325)*(x-0.0325)*(x-0.0325)-31.1394256499*(x-0.0325)*(x-0.0325)+0.978468843511*(x-0.0325)+1.122230887413025
3, iterativefit, central, 2, 0.8, 1.6, 20, 30, 0.047, 0.064, 19185.5862503*(x-0.047)*(x-0.047)*(x-0.047)-489.232449383*(x-0.047)*(x-0.047)+0.0*(x-0.047)+1.129507064819336
3, iterativefit, central, 2, 0.8, 1.6, 20, 30, 0.064, 0.084, -2364.33744431*(x-0.064)*(x-0.064)*(x-0.064)+70.9301233292*(x-0.064)*(x-0.064)+0.0*(x-0.064)+1.0823776721954346
3, iterativefit, central, 2, 0.8, 1.6, 20, 30, 0.084, 0.1095, 959.333133756*(x-0.084)*(x-0.084)*(x-0.084)-40.5502449952*(x-0.084)*(x-0.084)+0.0*(x-0.084)+1.0918350219726562
3, iterativefit, central, 2, 0.8, 1.6, 20, 30, 0.1095, 0.144, -127.067264264*(x-0.1095)*(x-0.1095)*(x-0.1095)+6.46573583178*(x-0.1095)*(x-0.1095)-0.196643384079*(x-0.1095)+1.0813742876052856
3, iterativefit, central, 2, 0.8, 1.6, 20, 30, 0.144, 0.191, 124.635198064*(x-0.144)*(x-0.144)*(x-0.144)-16.2334954713*(x-0.144)*(x-0.144)-0.204233045556*(x-0.144)+1.0770680904388428
3, iterativefit, central, 2, 0.8, 1.6, 20, 30, 0.191, 0.256, 436.132223235*(x-0.191)*(x-0.191)*(x-0.191)-35.5673212862*(x-0.191)*(x-0.191)-0.904224162291*(x-0.191)+1.0445493459701538
3, iterativefit, central, 2, 0.8, 1.6, 20, 30, 0.256, 0.359, -19.9833993596*(x-0.256)*(x-0.256)*(x-0.256)+3.08743520106*(x-0.256)*(x-0.256)+0.0*(x-0.256)+0.9552756547927856
3, iterativefit, central, 2, 0.8, 1.6, 20, 30, 0.359, 0.717, 0.0303305334493*(x-0.359)*(x-0.359)*(x-0.359)-1.08860233566*(x-0.359)*(x-0.359)+0.0*(x-0.359)+0.9661938548088074
3, iterativefit, central, 2, 0.8, 1.6, 20, 30, 0.717, 1.1, 0.828065872192
3, iterativefit, central, 2, 1.6, 2.5, 20, 30, -15, 0, 0.0
3, iterativefit, central, 2, 1.6, 2.5, 20, 30, 0, 0.0085, 0.826525866985
3, iterativefit, central, 2, 1.6, 2.5, 20, 30, 0.0085, 0.0245, -16272.4162765*(x-0.0085)*(x-0.0085)*(x-0.0085)-91.8741729686*(x-0.0085)*(x-0.0085)+18.8958849758*(x-0.0085)+0.826525866985321
3, iterativefit, central, 2, 1.6, 2.5, 20, 30, 0.0245, 0.0405, -2026.25861497*(x-0.0245)*(x-0.0245)*(x-0.0245)-59.4540351291*(x-0.0245)*(x-0.0245)+3.45869574043*(x-0.0245)+1.0386884212493896
3, iterativefit, central, 2, 1.6, 2.5, 20, 30, 0.0405, 0.0585, 5623.65578266*(x-0.0405)*(x-0.0405)*(x-0.0405)-207.958590525*(x-0.0405)*(x-0.0405)+0.0*(x-0.0405)+1.0705077648162842
3, iterativefit, central, 2, 1.6, 2.5, 20, 30, 0.0585, 0.0795, 805.494806134*(x-0.0585)*(x-0.0585)*(x-0.0585)-22.440541559*(x-0.0585)*(x-0.0585)-2.02031583817*(x-0.0585)+1.035926342010498
3, iterativefit, central, 2, 1.6, 2.5, 20, 30, 0.0795, 0.105, 2295.03289*(x-0.0795)*(x-0.0795)*(x-0.0795)-50.5860089221*(x-0.0795)*(x-0.0795)-1.89714895514*(x-0.0795)+0.991063117980957
3, iterativefit, central, 2, 1.6, 2.5, 20, 30, 0.105, 0.137, -707.062476472*(x-0.105)*(x-0.105)*(x-0.105)+43.8159743337*(x-0.105)*(x-0.105)+0.0*(x-0.105)+0.9478470683097839
3, iterativefit, central, 2, 1.6, 2.5, 20, 30, 0.137, 0.1785, -142.701637111*(x-0.137)*(x-0.137)*(x-0.137)+4.87431350295*(x-0.137)*(x-0.137)+0.632126429635*(x-0.137)+0.9695456027984619
3, iterativefit, central, 2, 1.6, 2.5, 20, 30, 0.1785, 0.2345, 69.7473687711*(x-0.1785)*(x-0.1785)*(x-0.1785)-5.78647497873*(x-0.1785)*(x-0.1785)+0.299390766838*(x-0.1785)+0.9939742684364319
3, iterativefit, central, 2, 1.6, 2.5, 20, 30, 0.2345, 0.312, -241.912132256*(x-0.2345)*(x-0.2345)*(x-0.2345)+26.1384865708*(x-0.2345)*(x-0.2345)+0.307488814618*(x-0.2345)+1.0048425197601318
3, iterativefit, central, 2, 1.6, 2.5, 20, 30, 0.312, 0.421, 74.9238000703*(x-0.312)*(x-0.312)*(x-0.312)-12.2500413115*(x-0.312)*(x-0.312)+0.0*(x-0.312)+1.0730608701705933
3, iterativefit, central, 2, 1.6, 2.5, 20, 30, 0.421, 0.7475, 1.89525612931*(x-0.421)*(x-0.421)*(x-0.421)+0.992180010003*(x-0.421)*(x-0.421)+0.0*(x-0.421)+1.0245466232299805
3, iterativefit, central, 2, 1.6, 2.5, 20, 30, 0.7475, 1.1, 1.19628083706
3, iterativefit, central, 2, 0.0, 0.8, 30, 40, -15, 0, 0.0
3, iterativefit, central, 2, 0.0, 0.8, 30, 40, 0, 0.002, 0.571167469025
3, iterativefit, central, 2, 0.0, 0.8, 30, 40, 0.002, 0.005, -1462918.84461*(x-0.002)*(x-0.002)*(x-0.002)+14293.8047453*(x-0.002)*(x-0.002)+9.05727942785*(x-0.002)+0.5711674690246582
3, iterativefit, central, 2, 0.0, 0.8, 30, 40, 0.005, 0.007, -19093730.7048*(x-0.005)*(x-0.005)*(x-0.005)+54675.6444218*(x-0.005)*(x-0.005)+55.3212990948*(x-0.005)+0.6874847412109375
3, iterativefit, central, 2, 0.0, 0.8, 30, 40, 0.007, 0.009, 3602545.78862*(x-0.007)*(x-0.007)*(x-0.007)-14603.0126198*(x-0.007)*(x-0.007)+44.8991083243*(x-0.007)+0.8640800714492798
3, iterativefit, central, 2, 0.0, 0.8, 30, 40, 0.009, 0.0115, 652244.363505*(x-0.009)*(x-0.009)*(x-0.009)-1792.38069984*(x-0.009)*(x-0.009)+29.7176073085*(x-0.009)+0.9242866039276123
3, iterativefit, central, 2, 0.0, 0.8, 30, 40, 0.0115, 0.0145, -1559071.44186*(x-0.0115)*(x-0.0115)*(x-0.0115)+6365.36498803*(x-0.0115)*(x-0.0115)+32.985285625*(x-0.0115)+0.9975695610046387
3, iterativefit, central, 2, 0.0, 0.8, 30, 40, 0.0145, 0.018, -208989.246492*(x-0.0145)*(x-0.0145)*(x-0.0145)-920.138955905*(x-0.0145)*(x-0.0145)+29.0825466231*(x-0.0145)+1.111718773841858
3, iterativefit, central, 2, 0.0, 0.8, 30, 40, 0.018, 0.0235, -78070.2138204*(x-0.018)*(x-0.018)*(x-0.018)-368.704898026*(x-0.018)*(x-0.018)+14.9612191232*(x-0.018)+1.1932755708694458
3, iterativefit, central, 2, 0.0, 0.8, 30, 40, 0.0235, 0.0335, -4832.19639988*(x-0.0235)*(x-0.0235)*(x-0.0235)-118.546721035*(x-0.0235)*(x-0.0235)+3.82059334066*(x-0.0235)+1.251420021057129
3, iterativefit, central, 2, 0.0, 0.8, 30, 40, 0.0335, 0.0605, 1022.89700385*(x-0.0335)*(x-0.0335)*(x-0.0335)-45.5086063787*(x-0.0335)*(x-0.0335)+0.0*(x-0.0335)+1.2729390859603882
3, iterativefit, central, 2, 0.0, 0.8, 30, 40, 0.0605, 0.1225, 9.8092626871*(x-0.0605)*(x-0.0605)*(x-0.0605)+0.86506919131*(x-0.0605)*(x-0.0605)-0.22038899703*(x-0.0605)+1.259896993637085
3, iterativefit, central, 2, 0.0, 0.8, 30, 40, 0.1225, 0.587, 0.220135372437*(x-0.1225)*(x-0.1225)*(x-0.1225)+1.11084001979*(x-0.1225)*(x-0.1225)+0.0*(x-0.1225)+1.2518960237503052
3, iterativefit, central, 2, 0.0, 0.8, 30, 40, 0.587, 1.1, 1.51363325119
3, iterativefit, central, 2, 0.8, 1.6, 30, 40, -15, 0, 0.0
3, iterativefit, central, 2, 0.8, 1.6, 30, 40, 0, 0.003, 0.659099817276
3, iterativefit, central, 2, 0.8, 1.6, 30, 40, 0.003, 0.008, -3929.85978459*(x-0.003)*(x-0.003)*(x-0.003)-555.005285817*(x-0.003)*(x-0.003)+43.9447832386*(x-0.003)+0.659099817276001
3, iterativefit, central, 2, 0.8, 1.6, 30, 40, 0.008, 0.0125, -564917.154093*(x-0.008)*(x-0.008)*(x-0.008)+1989.30516304*(x-0.008)*(x-0.008)+38.0999908966*(x-0.008)+0.864457368850708
3, iterativefit, central, 2, 0.8, 1.6, 30, 40, 0.0125, 0.018, 176555.151401*(x-0.0125)*(x-0.0125)*(x-0.0125)-2133.39804872*(x-0.0125)*(x-0.0125)+21.6850202528*(x-0.0125)+1.0247126817703247
3, iterativefit, central, 2, 0.8, 1.6, 30, 40, 0.018, 0.0245, -291338.717856*(x-0.018)*(x-0.018)*(x-0.018)+1745.16621398*(x-0.018)*(x-0.018)+14.2400217066*(x-0.018)+1.1088193655014038
3, iterativefit, central, 2, 0.8, 1.6, 30, 40, 0.0245, 0.0315, 185307.667838*(x-0.0245)*(x-0.0245)*(x-0.0245)-1973.62016906*(x-0.0245)*(x-0.0245)+0.0*(x-0.0245)+1.1951038837432861
3, iterativefit, central, 2, 0.8, 1.6, 30, 40, 0.0315, 0.0395, -4966.74161159*(x-0.0315)*(x-0.0315)*(x-0.0315)+63.6298159933*(x-0.0315)*(x-0.0315)-0.390455194611*(x-0.0315)+1.161957025527954
3, iterativefit, central, 2, 0.8, 1.6, 30, 40, 0.0395, 0.049, 281.184195504*(x-0.0395)*(x-0.0395)*(x-0.0395)-73.3542040768*(x-0.0395)*(x-0.0395)-0.325992528144*(x-0.0395)+1.160362720489502
3, iterativefit, central, 2, 0.8, 1.6, 30, 40, 0.049, 0.0625, 57162.8723706*(x-0.049)*(x-0.049)*(x-0.049)-1096.6743957*(x-0.049)*(x-0.049)-1.64359178467*(x-0.049)+1.1508866548538208
3, iterativefit, central, 2, 0.8, 1.6, 30, 40, 0.0625, 0.1, -2943.14236111*(x-0.0625)*(x-0.0625)*(x-0.0625)+165.551757812*(x-0.0625)*(x-0.0625)+0.0*(x-0.0625)+1.0694713592529297
3, iterativefit, central, 2, 0.8, 1.6, 30, 40, 0.1, 0.1705, 22.7754717827*(x-0.1)*(x-0.1)*(x-0.1)-2.40850614102*(x-0.1)*(x-0.1)+0.0*(x-0.1)+1.147073745727539
3, iterativefit, central, 2, 0.8, 1.6, 30, 40, 0.1705, 0.611, 0.0365700148982*(x-0.1705)*(x-0.1705)*(x-0.1705)+0.669963937167*(x-0.1705)*(x-0.1705)+0.0*(x-0.1705)+1.1430834531784058
3, iterativefit, central, 2, 0.8, 1.6, 30, 40, 0.611, 1.1, 1.27620923519
3, iterativefit, central, 2, 1.6, 2.5, 30, 40, -15, 0, 0.0
3, iterativefit, central, 2, 1.6, 2.5, 30, 40, 0, 0.005, 0.757430970669
3, iterativefit, central, 2, 1.6, 2.5, 30, 40, 0.005, 0.0145, -23386.136568*(x-0.005)*(x-0.005)*(x-0.005)-434.882596182*(x-0.005)*(x-0.005)+30.9443003253*(x-0.005)+0.7574309706687927
3, iterativefit, central, 2, 1.6, 2.5, 30, 40, 0.0145, 0.024, -89606.2625441*(x-0.0145)*(x-0.0145)*(x-0.0145)+416.376897988*(x-0.0145)*(x-0.0145)+16.3497345221*(x-0.0145)+0.9921029806137085
3, iterativefit, central, 2, 1.6, 2.5, 30, 40, 0.024, 0.035, 53965.7139939*(x-0.024)*(x-0.024)*(x-0.024)-890.4342809*(x-0.024)*(x-0.024)+0.0*(x-0.024)+1.1081773042678833
3, iterativefit, central, 2, 1.6, 2.5, 30, 40, 0.035, 0.0475, -37975.9521484*(x-0.035)*(x-0.035)*(x-0.035)+712.049102783*(x-0.035)*(x-0.035)+0.0*(x-0.035)+1.0722631216049194
3, iterativefit, central, 2, 1.6, 2.5, 30, 40, 0.0475, 0.0615, 41763.335798*(x-0.0475)*(x-0.0475)*(x-0.0475)-939.305751684*(x-0.0475)*(x-0.0475)+0.0*(x-0.0475)+1.109349012374878
3, iterativefit, central, 2, 1.6, 2.5, 30, 40, 0.0615, 0.079, -817.545491314*(x-0.0615)*(x-0.0615)*(x-0.0615)+55.290188935*(x-0.0615)*(x-0.0615)-1.74371959795*(x-0.0615)+1.0398436784744263
3, iterativefit, central, 2, 1.6, 2.5, 30, 40, 0.079, 0.1105, 163.515799599*(x-0.079)*(x-0.079)*(x-0.079)+1.15773410972*(x-0.079)*(x-0.079)-0.559682905368*(x-0.079)+1.0218796730041504
3, iterativefit, central, 2, 1.6, 2.5, 30, 40, 0.1105, 0.1635, -83.63296627*(x-0.1105)*(x-0.1105)*(x-0.1105)+11.2086765333*(x-0.1105)*(x-0.1105)+0.0*(x-0.1105)+1.0105092525482178
3, iterativefit, central, 2, 1.6, 2.5, 30, 40, 0.1635, 0.2365, -115.747374458*(x-0.1635)*(x-0.1635)*(x-0.1635)+12.5858004265*(x-0.1635)*(x-0.1635)+0.483344705769*(x-0.1635)+1.029543399810791
3, iterativefit, central, 2, 1.6, 2.5, 30, 40, 0.2365, 0.3195, -27.9948395214*(x-0.2365)*(x-0.2365)*(x-0.2365)+0.651512384439*(x-0.2365)*(x-0.2365)+0.470418292572*(x-0.2365)+1.0868695974349976
3, iterativefit, central, 2, 1.6, 2.5, 30, 40, 0.3195, 0.6855, -0.2245694978*(x-0.3195)*(x-0.3195)*(x-0.3195)+0.0*(x-0.3195)*(x-0.3195)+0.0*(x-0.3195)+1.1143954992294312
3, iterativefit, central, 2, 1.6, 2.5, 30, 40, 0.6855, 1.1, 1.10338532925
3, iterativefit, central, 2, 0.0, 0.8, 40, 60, -15, 0, 0.0
3, iterativefit, central, 2, 0.0, 0.8, 40, 60, 0, 0.0015, 0.595359742641
3, iterativefit, central, 2, 0.0, 0.8, 40, 60, 0.0015, 0.004, -86534.9202528*(x-0.0015)*(x-0.0015)*(x-0.0015)+1944.38853922*(x-0.0015)*(x-0.0015)+51.6455339061*(x-0.0015)+0.595359742641449
3, iterativefit, central, 2, 0.0, 0.8, 40, 60, 0.004, 0.006, -832840.103625*(x-0.004)*(x-0.004)*(x-0.004)+3664.15307163*(x-0.004)*(x-0.004)+59.7449468475*(x-0.004)+0.7352738976478577
3, iterativefit, central, 2, 0.0, 0.8, 40, 60, 0.006, 0.008, -3259971.15185*(x-0.006)*(x-0.006)*(x-0.006)+6859.75826054*(x-0.006)*(x-0.006)+64.4074778905*(x-0.006)+0.862757682800293
3, iterativefit, central, 2, 0.0, 0.8, 40, 60, 0.008, 0.0105, 386117.40856*(x-0.008)*(x-0.008)*(x-0.008)-4546.24213035*(x-0.008)*(x-0.008)+52.7268571104*(x-0.008)+0.9929319024085999
3, iterativefit, central, 2, 0.0, 0.8, 40, 60, 0.0105, 0.0135, -2613308.07024*(x-0.0105)*(x-0.0105)*(x-0.0105)+6139.78501856*(x-0.0105)*(x-0.0105)+37.2353478692*(x-0.0105)+1.1023681163787842
3, iterativefit, central, 2, 0.0, 0.8, 40, 60, 0.0135, 0.017, 240453.740511*(x-0.0135)*(x-0.0135)*(x-0.0135)-1327.49701618*(x-0.0135)*(x-0.0135)+3.51474008418*(x-0.0135)+1.19877290725708
3, iterativefit, central, 2, 0.0, 0.8, 40, 60, 0.017, 0.021, -281610.748985*(x-0.017)*(x-0.017)*(x-0.017)+3068.07280946*(x-0.017)*(x-0.017)+3.05893593466*(x-0.017)+1.2051221132278442
3, iterativefit, central, 2, 0.0, 0.8, 40, 60, 0.021, 0.025, -1056792.42841*(x-0.021)*(x-0.021)*(x-0.021)+5745.1247594*(x-0.021)*(x-0.021)+14.0862024591*(x-0.021)+1.2484239339828491
3, iterativefit, central, 2, 0.0, 0.8, 40, 60, 0.025, 0.031, 24604.550807*(x-0.025)*(x-0.025)*(x-0.025)-738.857511598*(x-0.025)*(x-0.025)+9.32116397063*(x-0.025)+1.3290560245513916
3, iterativefit, central, 2, 0.0, 0.8, 40, 60, 0.031, 0.068, 269.86891113*(x-0.031)*(x-0.031)*(x-0.031)-46.1054069133*(x-0.031)*(x-0.031)+3.11216531862*(x-0.031)+1.3636987209320068
3, iterativefit, central, 2, 0.0, 0.8, 40, 60, 0.068, 0.5555, -0.031797970764*(x-0.068)*(x-0.068)*(x-0.068)-0.806200887773*(x-0.068)*(x-0.068)+0.808716825047*(x-0.068)+1.4294002056121826
3, iterativefit, central, 2, 0.0, 0.8, 40, 60, 0.5555, 1.1, 1.62836694717
3, iterativefit, central, 2, 0.8, 1.6, 40, 60, -15, 0, 0.0
3, iterativefit, central, 2, 0.8, 1.6, 40, 60, 0, 0.0015, 0.59778958559
3, iterativefit, central, 2, 0.8, 1.6, 40, 60, 0.0015, 0.0035, -1689837.68802*(x-0.0015)*(x-0.0015)*(x-0.0015)+13371.7384215*(x-0.0015)*(x-0.0015)+31.403362751*(x-0.0015)+0.5977895855903625
3, iterativefit, central, 2, 0.8, 1.6, 40, 60, 0.0035, 0.0045, -27448350.9878*(x-0.0035)*(x-0.0035)*(x-0.0035)+44199.7647854*(x-0.0035)*(x-0.0035)+64.6122641809*(x-0.0035)+0.7005645632743835
3, iterativefit, central, 2, 0.8, 1.6, 40, 60, 0.0045, 0.0055, 8121894.62089*(x-0.0045)*(x-0.0045)*(x-0.0045)-16332.9812649*(x-0.0045)*(x-0.0045)+70.6667407883*(x-0.0045)+0.7819282412528992
3, iterativefit, central, 2, 0.8, 1.6, 40, 60, 0.0055, 0.007, -12911228.762*(x-0.0055)*(x-0.0055)*(x-0.0055)+19299.0949343*(x-0.0055)*(x-0.0055)+62.3664621212*(x-0.0055)+0.8443838953971863
3, iterativefit, central, 2, 0.8, 1.6, 40, 60, 0.007, 0.009, 3108372.56232*(x-0.007)*(x-0.007)*(x-0.007)-11844.9334128*(x-0.007)*(x-0.007)+33.1129527807*(x-0.007)+0.9377811551094055
3, iterativefit, central, 2, 0.8, 1.6, 40, 60, 0.009, 0.0115, 462917.247486*(x-0.009)*(x-0.009)*(x-0.009)-590.018794952*(x-0.009)*(x-0.009)+23.0336898772*(x-0.009)+0.9814943075180054
3, iterativefit, central, 2, 0.8, 1.6, 40, 60, 0.0115, 0.016, -1813388.77771*(x-0.0115)*(x-0.0115)*(x-0.0115)+9894.76525056*(x-0.0115)*(x-0.0115)+28.7632942928*(x-0.0115)+1.0426239967346191
3, iterativefit, central, 2, 0.8, 1.6, 40, 60, 0.016, 0.025, 16178.3809128*(x-0.016)*(x-0.016)*(x-0.016)-568.283389567*(x-0.016)*(x-0.016)+7.65281330174*(x-0.016)+1.207182765007019
3, iterativefit, central, 2, 0.8, 1.6, 40, 60, 0.025, 0.049, -151.069313112*(x-0.025)*(x-0.025)*(x-0.025)-22.7918974643*(x-0.025)*(x-0.025)+1.35505885134*(x-0.025)+1.2418211698532104
3, iterativefit, central, 2, 0.8, 1.6, 40, 60, 0.049, 0.1085, 604.973143122*(x-0.049)*(x-0.049)*(x-0.049)-53.9938530236*(x-0.049)*(x-0.049)+0.0*(x-0.049)+1.25912606716156
3, iterativefit, central, 2, 0.8, 1.6, 40, 60, 0.1085, 0.58, 1.25879029384*(x-0.1085)*(x-0.1085)*(x-0.1085)+0.0*(x-0.1085)*(x-0.1085)+0.0*(x-0.1085)+1.195408821105957
3, iterativefit, central, 2, 0.8, 1.6, 40, 60, 0.58, 1.1, 1.32735550404
3, iterativefit, central, 2, 1.6, 2.5, 40, 60, -15, 0, 0.0
3, iterativefit, central, 2, 1.6, 2.5, 40, 60, 0, 0.0025, 0.684615731239
3, iterativefit, central, 2, 1.6, 2.5, 40, 60, 0.0025, 0.007, -53222.3020923*(x-0.0025)*(x-0.0025)*(x-0.0025)-1082.89711989*(x-0.0025)*(x-0.0025)+44.7587635782*(x-0.0025)+0.6846157312393188
3, iterativefit, central, 2, 1.6, 2.5, 40, 60, 0.007, 0.0115, -21763.7521211*(x-0.007)*(x-0.007)*(x-0.007)-984.960235344*(x-0.007)*(x-0.007)+31.7794346471*(x-0.007)+0.8592516183853149
3, iterativefit, central, 2, 1.6, 2.5, 40, 60, 0.0115, 0.017, -330727.262091*(x-0.0115)*(x-0.0115)*(x-0.0115)+1134.66464584*(x-0.0115)*(x-0.0115)+21.5926445876*(x-0.0115)+0.9803304076194763
3, iterativefit, central, 2, 1.6, 2.5, 40, 60, 0.017, 0.023, 71438.4532846*(x-0.017)*(x-0.017)*(x-0.017)-728.350938108*(x-0.017)*(x-0.017)+4.06045665714*(x-0.017)+1.0783888101577759
3, iterativefit, central, 2, 1.6, 2.5, 40, 60, 0.023, 0.0295, 5620.53811213*(x-0.023)*(x-0.023)*(x-0.023)+216.218721216*(x-0.023)*(x-0.023)+3.03559835457*(x-0.023)+1.0919616222381592
3, iterativefit, central, 2, 1.6, 2.5, 40, 60, 0.0295, 0.037, -286530.433016*(x-0.0295)*(x-0.0295)*(x-0.0295)+2786.21104235*(x-0.0295)*(x-0.0295)+6.55884493609*(x-0.0295)+1.122371792793274
3, iterativefit, central, 2, 1.6, 2.5, 40, 60, 0.037, 0.0485, 14261.7491059*(x-0.037)*(x-0.037)*(x-0.037)-316.733214367*(x-0.037)*(x-0.037)+0.0*(x-0.037)+1.2074074745178223
3, iterativefit, central, 2, 1.6, 2.5, 40, 60, 0.0485, 0.0805, 1181.6522334*(x-0.0485)*(x-0.0485)*(x-0.0485)-33.1311957295*(x-0.0485)*(x-0.0485)-1.62651497267*(x-0.0485)+1.1872098445892334
3, iterativefit, central, 2, 1.6, 2.5, 40, 60, 0.0805, 0.1465, -2.00692735023*(x-0.0805)*(x-0.0805)*(x-0.0805)+1.08410882561*(x-0.0805)*(x-0.0805)-0.116875838368*(x-0.0805)+1.1399554014205933
3, iterativefit, central, 2, 1.6, 2.5, 40, 60, 0.1465, 0.2295, -3.09211811603*(x-0.1465)*(x-0.1465)*(x-0.1465)+0.755320982361*(x-0.1465)*(x-0.1465)+0.0*(x-0.1465)+1.1363869905471802
3, iterativefit, central, 2, 1.6, 2.5, 40, 60, 0.2295, 0.6405, -0.0960238540944*(x-0.2295)*(x-0.2295)*(x-0.2295)+0.516388036871*(x-0.2295)*(x-0.2295)+0.061478477968*(x-0.2295)+1.1398223638534546
3, iterativefit, central, 2, 1.6, 2.5, 40, 60, 0.6405, 1.1, 1.24565219879
3, iterativefit, central, 2, 0.0, 0.8, 60, 10000.0, -15, 0, 0.0
3, iterativefit, central, 2, 0.0, 0.8, 60, 10000.0, 0, 0.0015, 0.650514066219
3, iterativefit, central, 2, 0.0, 0.8, 60, 10000.0, 0.0015, 0.004, -112768.029819*(x-0.0015)*(x-0.0015)*(x-0.0015)+2384.19443944*(x-0.0015)*(x-0.0015)+53.2311095132*(x-0.0015)+0.6505140662193298
3, iterativefit, central, 2, 0.0, 0.8, 60, 10000.0, 0.004, 0.006, -1950334.89841*(x-0.004)*(x-0.004)*(x-0.004)+6355.3442549*(x-0.004)*(x-0.004)+63.0376811513*(x-0.004)+0.7967310547828674
3, iterativefit, central, 2, 0.0, 0.8, 60, 10000.0, 0.006, 0.008, -3148250.13333*(x-0.006)*(x-0.006)*(x-0.006)+4968.56994336*(x-0.006)*(x-0.006)+65.05503939*(x-0.006)+0.9326251149177551
3, iterativefit, central, 2, 0.0, 0.8, 60, 10000.0, 0.008, 0.01, 4457916.97631*(x-0.008)*(x-0.008)*(x-0.008)-13545.6265902*(x-0.008)*(x-0.008)+47.1503175635*(x-0.008)+1.05742347240448
3, iterativefit, central, 2, 0.0, 0.8, 60, 10000.0, 0.01, 0.012, -18408020.1111*(x-0.01)*(x-0.01)*(x-0.01)+43608.3566036*(x-0.01)*(x-0.01)+46.4628149185*(x-0.01)+1.1332049369812012
3, iterativefit, central, 2, 0.0, 0.8, 60, 10000.0, 0.012, 0.014, 18935650.5871*(x-0.012)*(x-0.012)*(x-0.012)-56806.9517612*(x-0.012)*(x-0.012)+0.0*(x-0.012)+1.2532998323440552
3, iterativefit, central, 2, 0.0, 0.8, 60, 10000.0, 0.014, 0.0165, -16389985.1278*(x-0.014)*(x-0.014)*(x-0.014)+61634.1997273*(x-0.014)*(x-0.014)+0.0*(x-0.014)+1.1775572299957275
3, iterativefit, central, 2, 0.0, 0.8, 60, 10000.0, 0.0165, 0.0195, 86061.9498187*(x-0.0165)*(x-0.0165)*(x-0.0165)-404.453570876*(x-0.0165)*(x-0.0165)+0.858777491346*(x-0.0165)+1.3066774606704712
3, iterativefit, central, 2, 0.0, 0.8, 60, 10000.0, 0.0195, 0.0235, -509475.332709*(x-0.0195)*(x-0.0195)*(x-0.0195)+3415.70704328*(x-0.0195)*(x-0.0195)+0.755728711198*(x-0.0195)+1.3079373836517334
3, iterativefit, central, 2, 0.0, 0.8, 60, 10000.0, 0.0235, 0.0615, 409.279926513*(x-0.0235)*(x-0.0235)*(x-0.0235)-55.9101765252*(x-0.0235)*(x-0.0235)+3.62656908741*(x-0.0235)+1.3330051898956299
3, iterativefit, central, 2, 0.0, 0.8, 60, 10000.0, 0.0615, 0.5535, -0.497939282965*(x-0.0615)*(x-0.0615)*(x-0.0615)-0.801622753429*(x-0.0615)*(x-0.0615)+1.15039631315*(x-0.0615)+1.4125385284423828
3, iterativefit, central, 2, 0.0, 0.8, 60, 10000.0, 0.5535, 1.1, 1.72518718243
3, iterativefit, central, 2, 0.8, 1.6, 60, 10000.0, -15, 0, 0.0
3, iterativefit, central, 2, 0.8, 1.6, 60, 10000.0, 0, 0.0015, 0.681686103344
3, iterativefit, central, 2, 0.8, 1.6, 60, 10000.0, 0.0015, 0.0035, -4906264.30386*(x-0.0015)*(x-0.0015)*(x-0.0015)+30015.771307*(x-0.0015)*(x-0.0015)+3.02059451739*(x-0.0015)+0.6816861033439636
3, iterativefit, central, 2, 0.8, 1.6, 60, 10000.0, 0.0035, 0.0045, -68155447.344*(x-0.0035)*(x-0.0035)*(x-0.0035)+107983.747259*(x-0.0035)*(x-0.0035)+64.2085080992*(x-0.0035)+0.7685402631759644
3, iterativefit, central, 2, 0.8, 1.6, 60, 10000.0, 0.0045, 0.0055, -27250230.398*(x-0.0045)*(x-0.0045)*(x-0.0045)+11047.6417853*(x-0.0045)*(x-0.0045)+75.7096605846*(x-0.0045)+0.8725770711898804
3, iterativefit, central, 2, 0.8, 1.6, 60, 10000.0, 0.0055, 0.0065, 13007356.2555*(x-0.0055)*(x-0.0055)*(x-0.0055)-19782.8349552*(x-0.0055)*(x-0.0055)+16.0542529611*(x-0.0055)+0.9320841431617737
3, iterativefit, central, 2, 0.8, 1.6, 60, 10000.0, 0.0065, 0.008, -37080407.0269*(x-0.0065)*(x-0.0065)*(x-0.0065)+89769.3212744*(x-0.0065)*(x-0.0065)+15.5106518173*(x-0.0065)+0.9413629174232483
3, iterativefit, central, 2, 0.8, 1.6, 60, 10000.0, 0.008, 0.0105, 1885815.74448*(x-0.008)*(x-0.008)*(x-0.008)-9730.63615645*(x-0.008)*(x-0.008)+34.5258682089*(x-0.008)+1.0414634943008423
3, iterativefit, central, 2, 0.8, 1.6, 60, 10000.0, 0.0105, 0.014, -1011849.61849*(x-0.0105)*(x-0.0105)*(x-0.0105)+3317.57051629*(x-0.0105)*(x-0.0105)+21.2317326355*(x-0.0105)+1.0964275598526
3, iterativefit, central, 2, 0.8, 1.6, 60, 10000.0, 0.014, 0.02, 64926.2779277*(x-0.014)*(x-0.014)*(x-0.014)-916.010631594*(x-0.014)*(x-0.014)+7.26925277003*(x-0.014)+1.167995810508728
3, iterativefit, central, 2, 0.8, 1.6, 60, 10000.0, 0.02, 0.045, -2818.62243799*(x-0.02)*(x-0.02)*(x-0.02)+39.9150772829*(x-0.02)*(x-0.02)+3.28916320709*(x-0.02)+1.1926590204238892
3, iterativefit, central, 2, 0.8, 1.6, 60, 10000.0, 0.045, 0.1075, 395.756835938*(x-0.045)*(x-0.045)*(x-0.045)-37.1022033691*(x-0.045)*(x-0.045)+0.0*(x-0.045)+1.2557940483093262
3, iterativefit, central, 2, 0.8, 1.6, 60, 10000.0, 0.1075, 0.5795, 0.878024526223*(x-0.1075)*(x-0.1075)*(x-0.1075)+0.0*(x-0.1075)*(x-0.1075)+0.0*(x-0.1075)+1.2074838876724243
3, iterativefit, central, 2, 0.8, 1.6, 60, 10000.0, 0.5795, 1.1, 1.29981172085
3, iterativefit, central, 2, 1.6, 2.5, 60, 10000.0, -15, 0, 0.0
3, iterativefit, central, 2, 1.6, 2.5, 60, 10000.0, 0, 0.0015, 0.684490919113
3, iterativefit, central, 2, 1.6, 2.5, 60, 10000.0, 0.0015, 0.004, -275584.56768*(x-0.0015)*(x-0.0015)*(x-0.0015)+4192.44614515*(x-0.0015)*(x-0.0015)+27.0220994949*(x-0.0015)+0.6844909191131592
3, iterativefit, central, 2, 1.6, 2.5, 60, 10000.0, 0.004, 0.0065, -6756434.97791*(x-0.004)*(x-0.004)*(x-0.004)+21083.5335899*(x-0.004)*(x-0.004)+42.8171195767*(x-0.004)+0.7739429473876953
3, iterativefit, central, 2, 1.6, 2.5, 60, 10000.0, 0.0065, 0.0095, 1837071.4722*(x-0.0065)*(x-0.0065)*(x-0.0065)-8295.54698386*(x-0.0065)*(x-0.0065)+21.5516316905*(x-0.0065)+0.9071885347366333
3, iterativefit, central, 2, 1.6, 2.5, 60, 10000.0, 0.0095, 0.0125, -10120779.5582*(x-0.0095)*(x-0.0095)*(x-0.0095)+41980.2947557*(x-0.0095)*(x-0.0095)+21.3792795367*(x-0.0095)+0.9467844367027283
3, iterativefit, central, 2, 1.6, 2.5, 60, 10000.0, 0.0125, 0.016, 1142212.67033*(x-0.0125)*(x-0.0125)*(x-0.0125)-5996.61651923*(x-0.0125)*(x-0.0125)+0.0*(x-0.0125)+1.1154838800430298
3, iterativefit, central, 2, 1.6, 2.5, 60, 10000.0, 0.016, 0.0205, -262832.904234*(x-0.016)*(x-0.016)*(x-0.016)+2687.05156562*(x-0.016)*(x-0.016)+0.0*(x-0.016)+1.0909976959228516
3, iterativefit, central, 2, 1.6, 2.5, 60, 10000.0, 0.0205, 0.0285, -217549.751517*(x-0.0205)*(x-0.0205)*(x-0.0205)+2097.07419581*(x-0.0205)*(x-0.0205)+8.2163651583*(x-0.0205)+1.1214598417282104
3, iterativefit, central, 2, 1.6, 2.5, 60, 10000.0, 0.0285, 0.058, 4398.33574422*(x-0.0285)*(x-0.0285)*(x-0.0285)-194.898558597*(x-0.0285)*(x-0.0285)+0.0*(x-0.0285)+1.2100180387496948
3, iterativefit, central, 2, 1.6, 2.5, 60, 10000.0, 0.058, 0.1235, -0.45738057595*(x-0.058)*(x-0.058)*(x-0.058)+0.167532397301*(x-0.058)*(x-0.058)-0.0160599129986*(x-0.058)+1.1533232927322388
3, iterativefit, central, 2, 1.6, 2.5, 60, 10000.0, 0.1235, 0.2065, -354.095499094*(x-0.1235)*(x-0.1235)*(x-0.1235)+44.0848896372*(x-0.1235)*(x-0.1235)+0.0*(x-0.1235)+1.1528615951538086
3, iterativefit, central, 2, 1.6, 2.5, 60, 10000.0, 0.2065, 0.629, -1.9053266131*(x-0.2065)*(x-0.2065)*(x-0.2065)+0.0*(x-0.2065)*(x-0.2065)+0.0*(x-0.2065)+1.254095196723938
3, iterativefit, central, 2, 1.6, 2.5, 60, 10000.0, 0.629, 1.1, 1.11039757729
